,Generated Text,Actual Text,Rogue Score
0,"<pad> <extra_id_0>, and innovative business engagement models. The company is a global customer experience and technology services provider, disrupting the industry with a unique intersection of industry-leading proprietary solutions, resilient operations, and innovative business engagement models. It has evolved over the last 6 years by infusing learnings from 50+ customers across the B2B and B2C space and bringing best-in-class professional services, and outcome-focused commercial models. It is designed for value creation across stakeholders, driving premium experiences for customers and employees, and ensuring business</s>","CSS Corp, a global customer experience and technology consulting services provider, today announced the launch of CSS EDISONâ¢, a cloud-based intelligent customer experience (CX) transformation platform for accelerated digitalization of end-to-end CX and technology support ecosystems..Designed to empower and elevate enterprise and consumer CX functions to thrive in todayâs digital economy","{'rouge1': Score(precision=0.2222222222222222, recall=0.35714285714285715, fmeasure=0.27397260273972607), 'rougeL': Score(precision=0.17777777777777778, recall=0.2857142857142857, fmeasure=0.2191780821917808)}"
1,"<pad> <extra_id_0>. ECOVACS ROBOTICS is committed to India market with 12 offices, a team strength of 100+ members and service across India Easy purchase option available directly from Ecovacs India Official Website www.ecovacsindia. In the last year, people across India would have felt the dire need for an intelligent Robot to clean their homes. The models available in India are DEEBOT 500, DEEBOT U2 PRO, DEEBOT OZMO 950 and DEEBOT OZMO T8. The Anti</s>","ECOVACS ROBOTICS, a market leader in innovative Robot vacuum cleaner category, has launched its advanced range of Floor cleaning robots in India..","{'rouge1': Score(precision=0.1282051282051282, recall=0.45454545454545453, fmeasure=0.19999999999999996), 'rougeL': Score(precision=0.10256410256410256, recall=0.36363636363636365, fmeasure=0.16)}"
2,<pad> <extra_id_0> avelumab (MET) exon 14 (METex14) skipping NSCLC with brain metastases consistent with the overall treatment population Oral presentations from independent studies reinforce the position of ERBITUX<unk> ® in the US for the first-line treatment of adult patients with advanced urothelial cancer (UC) that have not progressed with first-line platinum-containing chemotherapy. The company has already obtained market authorization in over 100 countries worldwide for the treatment of RAS wild-type metastatic cancer</s>,New analyses from pivotal BAVENCIOÂ® study reinforce unique clinical ....,"{'rouge1': Score(precision=0.0379746835443038, recall=0.3333333333333333, fmeasure=0.06818181818181819), 'rougeL': Score(precision=0.0379746835443038, recall=0.3333333333333333, fmeasure=0.06818181818181819)}"
3,"<pad> <extra_id_0> is an investigational, first-in-class, oral tyrosine kinase inhibitor (TKI) specifically designed to selectively target epidermal growth factor receptor (EGFR) Exon20 insertion+ mNSCLC (mNSCLC), as detected by an FDA-approved test, who have received prior platinum-based chemotherapy. The trial is comprised of a Phase 1 dose-escalation, evaluating mobocertinib as a monotherapy and in combination with</s>",Takeda Pharmaceutical Company Limited (,"{'rouge1': Score(precision=0.0, recall=0.0, fmeasure=0.0), 'rougeL': Score(precision=0.0, recall=0.0, fmeasure=0.0)}"
4,"<pad> <extra_id_0>, DubaiMasala King Dr. Dhananjay Datar, Chairman &amp; Managing Director of Al Adil Trading Co., Dubai was recently honoured with the Retail ME ICONS Award recognizing his passion and contribution to the advancement of the retail industry in the MENA region. The aim behind the Retail ME ICONS award is to bring to the notice of the world who the top retailers in the region are. He has established special trade routes in USA, Canada, Kenya, Switzerland, Italy,</s>","Masala King Dr. Dhananjay (Jay) Datar, Chairman &amp; Managing Director of Al Adil Trading Co., Dubai was recently honoured with the Retail ME ICONS Award recognizing his passion and contribution to the advancement of the retail industry in the MENA region..","{'rouge1': Score(precision=0.47560975609756095, recall=0.9512195121951219, fmeasure=0.6341463414634146), 'rougeL': Score(precision=0.47560975609756095, recall=0.9512195121951219, fmeasure=0.6341463414634146)}"
5,"<pad> <extra_id_0> USB PD Revision 3.1 specification, a major update to enable delivery up to 240W of power over the USB Type-C<unk> ® cable and connector. Prior to this update, USB PD was limited to 100W via a solution based on 20V using USB Type-C cables rated at 5A. The new USB PD architecture defines a much more stringent power negotiation protocol that helps to ensure that access to and use of this higher power capability can be done safely. This update is part of the USB performance</s>",The USB Promoter Group today announced the release of the USB Power Delivery (USB PD) Revision 3.1 ....Specification defines delivering up to 240W of power over USB Type-CÂ®,"{'rouge1': Score(precision=0.2553191489361702, recall=0.8, fmeasure=0.3870967741935484), 'rougeL': Score(precision=0.1595744680851064, recall=0.5, fmeasure=0.24193548387096778)}"
6,"<pad> <extra_id_0> walked the streets of Cairo on Saturday evening in a stunning royal procession from the Egyptian Museum on Tahrir Square to the new National Museum of Egyptian Civilization (NMEC) in Fustat. The 40-minute parade drew participation of 12 Egyptian celebrities, being broadcast by 200+ global TV channels. The priceless artifacts will spend the next two weeks in NMEC's laboratory, where they will be prepared for installation inside the Royal Mummies Hall, modeled on the Valley of the Kings.</s>",Twenty-two pharaoh mummies walked the streets of Cairo on Saturday evening in a stunning royal procession ....,"{'rouge1': Score(precision=0.17647058823529413, recall=0.8823529411764706, fmeasure=0.29411764705882354), 'rougeL': Score(precision=0.15294117647058825, recall=0.7647058823529411, fmeasure=0.25490196078431376)}"
7,"<pad> <extra_id_0>, and weâ<unk> re enabling them with the technology to â<unk> make. The accreditation comes on the heels of an outstanding year for H2O.ai in the Asia-Pacific region. In 2020, H2O.ai grew by over 200% and expanded to more than 50 customers in the region. It contains capabilities and automation across the entire data science lifecycle, including connecting to and explaining models, deploying and operating models, and building and sharing AI applications. This endorsement will enable both public and commercial organizations to use</s>","H2O.ai, a visionary AI technology company that enables organizations to rapidly build world-class AI models ....","{'rouge1': Score(precision=0.10989010989010989, recall=0.5882352941176471, fmeasure=0.1851851851851852), 'rougeL': Score(precision=0.06593406593406594, recall=0.35294117647058826, fmeasure=0.1111111111111111)}"
8,"<pad> <extra_id_0> is one of the worldâ<unk> s leading global lifestyle and hospitality management groups. It encompasses five brands: ultra-luxury Rosewood Hotels &amp; Resorts<unk> ®; upper-upscale New World Hotels &amp; Resorts; KHOS, a lifestyle concept by Rosewood; Asaya, an integrated well-being concept; and New World Nha Trang Hotel (Vietnam) and New World Phu Ouoc Resort (Vietnam). The resortâ<unk> s</s>",New WorldÂ® Hotels &amp; Resorts has been appointed by Hong Kong SAR-based real estate and development ....The launch will mark New Worldâs first property in Japan as the brand continues to grow throughout Asia,"{'rouge1': Score(precision=0.19402985074626866, recall=0.3611111111111111, fmeasure=0.25242718446601947), 'rougeL': Score(precision=0.14925373134328357, recall=0.2777777777777778, fmeasure=0.1941747572815534)}"
